[
    {   "id":"01",
        "name":"传美2000 70gA4复印纸 500张/包 5包/箱 70g复印纸",
        "price":"125.44",
        "url":"images/1.jpg",
        "tip":"满减送"
	},
	{   "id":"02",
        "name":"达伯埃Double A 80gA4复印纸 250张/包 10包/箱 80g复印纸",
        "price":"156.80",
        "url":"images/2.jpg",
        "tip":"满减送"
    },
    {   "id":"03",
        "name":"金旗舰 80gA4复印纸 500张/包 5包/箱 80g复印纸",
        "price":"164.64",
        "url":"images/3.jpg",
        "tip":"满减送"
	},
	{   "id":"04",
        "name":"永实多功能打印标签 YS4279 进口纸 标签打印纸 不干胶标签纸",
        "price":"107.80",
        "url":"images/4.jpg",
        "tip":"满减送"
    },
    {   "id":"05",
        "name":"卓联 自粘性标签 27*53mm*6p 12张/本 白底红框 带横线 ZL81",
        "price":"2.16",
        "url":"images/5.jpg",
        "tip":"满减送"
	},
	{   "id":"06",
        "name":"卓联 自粘性标签 36*13mm*16p 12张/本 白底蓝框 ZL90",
        "price":"2.16",
        "url":"images/6.jpg",
        "tip":"满减送"
    },
    {   "id":"07",
        "name":"卓联 自粘性标签 37*29mm*8p 12张/本 白底蓝框 ZL86",
        "price":"2.16",
        "url":"images/7.jpg",
        "tip":"满减送"
	},
	{   "id":"08",
        "name":"卓联 自粘性标签 20*27mm*12p 12张/本 白底红框 ZL97",
        "price":"2.16",
        "url":"images/8.jpg",
        "tip":"满减送"
    },
    
    {   "id":"09",
        "name":"卓联 自粘性标签 30mm*11p 6张/本 数字0-9 ZL0102",
        "price":"2.16",
        "url":"images/9.jpg",
        "tip":"满减送"
	},
	{   "id":"10",
        "name":"卓联 自粘性标签 40*80mm*2p 6张/本 椭圆形 ZL0106",
        "price":"2.86",
        "url":"images/10.jpg",
        "tip":"满减送"
    },
    {   "id":"11",
        "name":"卓联 自粘性标签 27*35mm*9p 12张/本 白底蓝框 带横线 ZL80",
        "price":"2.86",
        "url":"images/11.jpg",
        "tip":"满减送"
	},
	{   "id":"12",
        "name":"卓联 自粘性标签 Φ16*14mm*24p 6张/本 红心 爱心 ZL0101",
        "price":"2.16",
        "url":"images/12.jpg",
        "tip":"满减送"
    }
]